{
  "version": "v20260419T020924Z_transformer_classifier",
  "model": "transformer_classifier",
  "threshold": 0.8686035933950603,
  "features": [
    "kwh",
    "kva",
    "cos_phi",
    "thd_v",
    "thd_i",
    "harm_3",
    "harm_5",
    "harm_7",
    "output_pieces",
    "output_tonnage",
    "etat",
    "oee"
  ],
  "sequence": {
    "seq_len": 30,
    "stride": 5
  },
  "metrics": {
    "precision": 0.2466091245376079,
    "recall": 0.7407407407407407,
    "f1_score": 0.3700277520814061,
    "roc_auc": 0.9587758517255534,
    "samples": 12000,
    "anomaly_rate": 0.0225,
    "true_negatives": 11119,
    "false_positives": 611,
    "false_negatives": 70,
    "true_positives": 200
  },
  "calibration": {
    "precision": 0.3140794223826715,
    "recall": 0.815625,
    "f1": 0.45351867940920937
  },
  "precision_constraint": 0.6,
  "created_at": "2026-04-19T02:09:24.671276Z"
}