{
  "version": "v20260406T134857Z_transformer_classifier",
  "model": "transformer_classifier",
  "threshold": 0.6826017990448331,
  "features": [
    "kwh",
    "kva",
    "cos_phi",
    "thd_v",
    "thd_i",
    "harm_3",
    "harm_5",
    "harm_7",
    "output_pieces",
    "output_tonnage",
    "etat",
    "oee"
  ],
  "sequence": {
    "seq_len": 30,
    "stride": 3
  },
  "metrics": {
    "precision": 0.36809815950920244,
    "recall": 0.46511627906976744,
    "f1_score": 0.410958904109589,
    "roc_auc": 0.7909852986885261,
    "samples": 1800,
    "anomaly_rate": 0.07166666666666667,
    "true_negatives": 1568,
    "false_positives": 103,
    "false_negatives": 69,
    "true_positives": 60
  },
  "calibration": {
    "precision": 0.2846715328467153,
    "recall": 0.38235294117647056,
    "f1": 0.3263598326359833
  },
  "precision_constraint": 0.6,
  "created_at": "2026-04-06T13:48:57.072894Z"
}