{
  "task": "anomaly_sequential_benchmark",
  "status": "completed",
  "dataset": "data/processed/hriu_machine_telemetry_1min.csv",
  "sequence_setup": {
    "seq_len": 30,
    "stride": 5,
    "max_sequences": 80000
  },
  "splits": {
    "train": 56000,
    "val": 12000,
    "test": 12000
  },
  "models": [
    {
      "model": "lstm_classifier",
      "threshold": 0.8985348449057381,
      "calibration": {
        "precision": 0.3071808510638298,
        "recall": 0.721875,
        "f1": 0.43097014925373134
      },
      "metrics": {
        "precision": 0.22284122562674094,
        "recall": 0.5925925925925926,
        "f1_score": 0.32388663967611336,
        "roc_auc": 0.9549297464557482,
        "samples": 12000,
        "anomaly_rate": 0.0225,
        "true_negatives": 11172,
        "false_positives": 558,
        "false_negatives": 110,
        "true_positives": 160
      }
    },
    {
      "model": "transformer_classifier",
      "threshold": 0.8686035933950603,
      "calibration": {
        "precision": 0.3140794223826715,
        "recall": 0.815625,
        "f1": 0.45351867940920937
      },
      "metrics": {
        "precision": 0.2466091245376079,
        "recall": 0.7407407407407407,
        "f1_score": 0.3700277520814061,
        "roc_auc": 0.9587758517255534,
        "samples": 12000,
        "anomaly_rate": 0.0225,
        "true_negatives": 11119,
        "false_positives": 611,
        "false_negatives": 70,
        "true_positives": 200
      }
    }
  ],
  "selected": {
    "model": "transformer_classifier",
    "threshold": 0.8686035933950603,
    "calibration": {
      "precision": 0.3140794223826715,
      "recall": 0.815625,
      "f1": 0.45351867940920937
    },
    "metrics": {
      "precision": 0.2466091245376079,
      "recall": 0.7407407407407407,
      "f1_score": 0.3700277520814061,
      "roc_auc": 0.9587758517255534,
      "samples": 12000,
      "anomaly_rate": 0.0225,
      "true_negatives": 11119,
      "false_positives": 611,
      "false_negatives": 70,
      "true_positives": 200
    }
  },
  "exported_artifacts": {
    "version": "v20260419T020924Z_transformer_classifier",
    "artifact_dir": "ml_pipeline/models/anomaly_sequential/v20260419T020924Z_transformer_classifier",
    "model": "transformer_classifier",
    "threshold": 0.8686035933950603,
    "features": [
      "kwh",
      "kva",
      "cos_phi",
      "thd_v",
      "thd_i",
      "harm_3",
      "harm_5",
      "harm_7",
      "output_pieces",
      "output_tonnage",
      "etat",
      "oee"
    ],
    "seq_len": 30,
    "updated_at": "2026-04-19T02:09:24.673914Z",
    "backend_activation_status": "ready"
  },
  "targets": {
    "precision_min": 0.6,
    "recall_min": 0.85
  },
  "pass": {
    "precision": false,
    "recall": false
  }
}