{
  "task": "anomaly_sequential_benchmark",
  "status": "completed",
  "dataset": "data/processed/machine_telemetry_1min_12m.csv",
  "sequence_setup": {
    "seq_len": 30,
    "stride": 3,
    "max_sequences": 120000
  },
  "splits": {
    "train": 41937,
    "val": 8986,
    "test": 8987
  },
  "models": [
    {
      "model": "lstm_classifier",
      "threshold": 0.4134564037791035,
      "calibration": {
        "precision": 0.6285403050108932,
        "recall": 0.9336569579288025,
        "f1": 0.7513020833333334
      },
      "metrics": {
        "precision": 0.6383196721311475,
        "recall": 0.9134897360703812,
        "f1_score": 0.7515078407720145,
        "roc_auc": 0.9876783409633811,
        "samples": 8987,
        "anomaly_rate": 0.07588739290085679,
        "true_negatives": 7952,
        "false_positives": 353,
        "false_negatives": 59,
        "true_positives": 623
      }
    },
    {
      "model": "transformer_classifier",
      "threshold": 0.6177021679662218,
      "calibration": {
        "precision": 0.6285403050108932,
        "recall": 0.9336569579288025,
        "f1": 0.7513020833333334
      },
      "metrics": {
        "precision": 0.6472424557752341,
        "recall": 0.9120234604105572,
        "f1_score": 0.7571515520389531,
        "roc_auc": 0.986505673542243,
        "samples": 8987,
        "anomaly_rate": 0.07588739290085679,
        "true_negatives": 7966,
        "false_positives": 339,
        "false_negatives": 60,
        "true_positives": 622
      }
    }
  ],
  "selected": {
    "model": "lstm_classifier",
    "threshold": 0.4134564037791035,
    "calibration": {
      "precision": 0.6285403050108932,
      "recall": 0.9336569579288025,
      "f1": 0.7513020833333334
    },
    "metrics": {
      "precision": 0.6383196721311475,
      "recall": 0.9134897360703812,
      "f1_score": 0.7515078407720145,
      "roc_auc": 0.9876783409633811,
      "samples": 8987,
      "anomaly_rate": 0.07588739290085679,
      "true_negatives": 7952,
      "false_positives": 353,
      "false_negatives": 59,
      "true_positives": 623
    }
  },
  "exported_artifacts": {
    "version": "v20260406T135219Z_lstm_classifier",
    "artifact_dir": "ml_pipeline/models/anomaly_sequential/v20260406T135219Z_lstm_classifier",
    "model": "lstm_classifier",
    "threshold": 0.4134564037791035,
    "features": [
      "kwh",
      "kva",
      "cos_phi",
      "thd_v",
      "thd_i",
      "harm_3",
      "harm_5",
      "harm_7",
      "output_pieces",
      "output_tonnage",
      "etat",
      "oee"
    ],
    "seq_len": 30,
    "updated_at": "2026-04-06T13:52:19.625016Z",
    "backend_activation_status": "ready"
  },
  "targets": {
    "precision_min": 0.6,
    "recall_min": 0.85
  },
  "pass": {
    "precision": true,
    "recall": true
  }
}