{
  "version": "v20260418T173256Z_transformer_classifier",
  "model": "transformer_classifier",
  "threshold": 0.3683811694223609,
  "features": [
    "kwh",
    "kva",
    "cos_phi",
    "thd_v",
    "thd_i",
    "harm_3",
    "harm_5",
    "harm_7",
    "output_pieces",
    "output_tonnage",
    "etat",
    "oee"
  ],
  "sequence": {
    "seq_len": 30,
    "stride": 5
  },
  "metrics": {
    "precision": 0.018412195604830726,
    "recall": 0.39574468085106385,
    "f1_score": 0.03518728717366629,
    "roc_auc": 0.4989876210541545,
    "samples": 12000,
    "anomaly_rate": 0.019583333333333335,
    "true_negatives": 6807,
    "false_positives": 4958,
    "false_negatives": 142,
    "true_positives": 93
  },
  "calibration": {
    "precision": 0.02308125351848377,
    "recall": 0.5442477876106194,
    "f1": 0.04428442844284428
  },
  "precision_constraint": 0.6,
  "created_at": "2026-04-18T17:32:56.763240Z"
}