{
  "version": "v20260406T132707Z_lstm_classifier",
  "model": "lstm_classifier",
  "threshold": 0.4134564037791035,
  "features": [
    "kwh",
    "kva",
    "cos_phi",
    "thd_v",
    "thd_i",
    "harm_3",
    "harm_5",
    "harm_7",
    "output_pieces",
    "output_tonnage",
    "etat",
    "oee"
  ],
  "sequence": {
    "seq_len": 30,
    "stride": 3
  },
  "metrics": {
    "precision": 0.6383196721311475,
    "recall": 0.9134897360703812,
    "f1_score": 0.7515078407720145,
    "roc_auc": 0.9876783409633811,
    "samples": 8987,
    "anomaly_rate": 0.07588739290085679,
    "true_negatives": 7952,
    "false_positives": 353,
    "false_negatives": 59,
    "true_positives": 623
  },
  "calibration": {
    "precision": 0.6285403050108932,
    "recall": 0.9336569579288025,
    "f1": 0.7513020833333334
  },
  "precision_constraint": 0.6,
  "created_at": "2026-04-06T13:27:07.154085Z"
}