{
  "selected": "gbr",
  "val_mape_ann": 0.7616645097732544,
  "val_mape_gbr": 0.71342320363894
}