{
  "selected": "gbr",
  "val_mape_ann": 0.1780773401260376,
  "val_mape_gbr": 0.16888104979147453
}