{
  "selected": "gbr",
  "val_mape_ann": 0.3122815787792206,
  "val_mape_gbr": 0.2825500692442387
}